step,lossG,lossD
0,56.310791015625,3.689331531524658
200,44.71879196166992,3.5052242279052734
400,42.52439498901367,3.5670814514160156
600,42.82245635986328,3.523729085922241
800,41.7794189453125,3.2495720386505127
1000,43.872047424316406,3.3289012908935547
1200,36.7457160949707,3.6073970794677734
1400,41.26409912109375,3.422419548034668
1600,40.8857536315918,3.414881467819214
1800,40.15239334106445,3.2599639892578125
2000,38.947853088378906,3.7251057624816895
2200,41.36345291137695,3.3618879318237305
2400,40.359954833984375,3.3624677658081055
2600,40.95642852783203,3.476945400238037
2800,39.711830139160156,3.631038188934326
3000,38.527137756347656,3.646268367767334
3200,41.7058219909668,3.4580531120300293
3400,38.108116149902344,3.79697847366333
3600,40.19381332397461,3.6318893432617188
3800,40.15702438354492,3.485814332962036
4000,39.742149353027344,3.5246193408966064
4200,39.21583938598633,3.3556578159332275
4400,38.777183532714844,3.7520458698272705
4600,39.457679748535156,3.5298562049865723
4800,39.32089614868164,3.6822023391723633
5000,41.74477767944336,3.452721118927002
5200,35.997989654541016,3.6494247913360596
5400,40.013973236083984,3.3095505237579346
5600,41.16440963745117,3.3651299476623535
5800,40.52471923828125,3.6241908073425293
6000,37.37068176269531,3.702770471572876
6200,39.45950698852539,3.5229525566101074
6400,37.69472885131836,3.6152913570404053
6600,40.37928009033203,3.2043933868408203
6800,41.785118103027344,3.211106061935425
7000,40.129112243652344,3.2733094692230225
7200,37.14007568359375,3.636104106903076
7400,40.087188720703125,3.2818541526794434
7600,36.431461334228516,3.698730945587158
7800,38.67588806152344,3.2990951538085938
8000,40.09886169433594,3.351661205291748
8200,39.38496017456055,3.32376766204834
8400,39.3979606628418,3.351254940032959
8600,38.71758270263672,3.573401689529419
8800,36.30352020263672,3.570376396179199
9000,36.96501159667969,3.60007381439209
9200,37.94707107543945,3.4387457370758057
9400,35.951908111572266,3.770251750946045
9600,38.63997268676758,3.518010139465332
9800,41.80643844604492,3.2840280532836914
10000,36.655906677246094,3.6727797985076904
10200,40.28961944580078,3.600389003753662
10400,35.28443908691406,3.6666316986083984
10600,38.70035171508789,3.3996527194976807
10800,38.99957275390625,3.337397575378418
11000,37.37077713012695,3.508317470550537
11200,37.86701965332031,3.750986099243164
11400,39.659034729003906,3.224931001663208
11600,38.68426513671875,3.174487829208374
11800,40.93073272705078,3.0024499893188477
12000,34.55855941772461,3.722482442855835
12200,38.07189178466797,3.4798173904418945
12400,39.09697723388672,3.5238704681396484
12600,38.557411193847656,3.3396077156066895
12800,39.518802642822266,3.129342794418335
13000,36.77215576171875,3.6752467155456543
13200,39.32805633544922,3.8461689949035645
13400,40.72516632080078,3.368722915649414
13600,39.998477935791016,3.1795647144317627
13800,37.90576934814453,3.510316848754883
14000,37.356658935546875,3.5860838890075684
14200,38.7393798828125,3.3400073051452637
14400,36.3814582824707,3.886420249938965
14600,38.01382827758789,3.3817696571350098
14800,40.48138427734375,3.4676356315612793
15000,35.95769119262695,3.567805767059326
15200,36.820011138916016,3.367720603942871
15400,40.140846252441406,3.1786036491394043
15600,39.04694366455078,3.2218406200408936
15800,37.59712600708008,3.3725392818450928
16000,38.094818115234375,3.344942808151245
16200,35.667236328125,3.567779541015625
16400,38.742332458496094,3.051175594329834
16600,37.62507629394531,3.391085624694824
16800,35.82895278930664,3.6305463314056396
17000,36.93473815917969,3.77195405960083
17200,39.32722473144531,3.4438323974609375
17400,36.152679443359375,3.590308904647827
17600,38.03188705444336,3.815572738647461
17800,39.429264068603516,3.421154260635376
18000,36.614784240722656,3.6563875675201416
18200,36.19036865234375,3.3830370903015137
18400,36.65052032470703,3.6104001998901367
18600,37.9108772277832,3.460268497467041
18800,38.144466400146484,3.248373508453369
19000,35.9378776550293,3.7861671447753906
19200,37.63608169555664,3.4526302814483643
19400,38.942020416259766,3.350895643234253
19600,36.35929489135742,3.6203763484954834
19800,37.935813903808594,3.4988033771514893
20000,37.51805877685547,3.5511434078216553
20200,39.99626159667969,3.2759060859680176
20400,38.36567687988281,3.444211006164551
20600,34.471073150634766,3.6136436462402344
20800,37.62649154663086,3.3003222942352295
21000,37.4424934387207,3.6429762840270996
21200,37.14881896972656,3.4367563724517822
21400,38.050323486328125,3.6041080951690674
21600,36.11591720581055,3.486201763153076
21800,35.6371955871582,3.7009737491607666
22000,34.6308708190918,3.7120156288146973
22200,37.028621673583984,3.682271957397461
22400,37.012630462646484,3.499553680419922
22600,39.270774841308594,3.396228790283203
22800,42.37046432495117,3.2551186084747314
23000,38.116371154785156,3.645364999771118
23200,38.28548049926758,3.458026885986328
23400,37.349918365478516,3.110707998275757
23600,37.64161682128906,3.4665608406066895
23800,37.18170166015625,3.421597719192505
24000,36.098487854003906,3.4467411041259766
24200,37.46906661987305,3.5874712467193604
24400,38.38630676269531,3.5106592178344727
24600,37.627960205078125,3.43972110748291
24800,37.089332580566406,3.6528220176696777
25000,38.142635345458984,3.6313679218292236
25200,36.96380615234375,3.7965807914733887
25400,37.95541000366211,3.4811606407165527
25600,35.516780853271484,3.4549524784088135
25800,36.231201171875,3.6815857887268066
26000,34.543365478515625,3.5775864124298096
26200,36.18025207519531,3.3952436447143555
26400,38.53125,3.353710174560547
26600,36.848724365234375,3.4876766204833984
26800,37.599857330322266,3.531716823577881
27000,37.56103515625,3.536844253540039
27200,36.07282638549805,3.6695597171783447
27400,38.02204895019531,3.41733980178833
27600,38.22537612915039,3.3895211219787598
27800,39.13063430786133,3.47261381149292
28000,38.31550216674805,3.3692898750305176
28200,38.54756546020508,3.40847110748291
28400,36.524688720703125,3.4317474365234375
28600,36.18244171142578,3.429002046585083
28800,42.11594772338867,3.0767364501953125
29000,36.4417724609375,3.3922624588012695
29200,37.14127731323242,3.536623001098633
29400,38.85576248168945,3.5185818672180176
29600,38.55241012573242,3.2686967849731445
29800,36.143798828125,3.267305374145508
30000,38.28266906738281,3.3318960666656494
30200,37.5626220703125,3.323880672454834
30400,35.034828186035156,3.706002712249756
30600,35.976463317871094,3.727302074432373
30800,36.854366302490234,3.4260308742523193
31000,39.75282669067383,3.7018489837646484
31200,37.65174865722656,3.3961493968963623
31400,38.643714904785156,3.4632375240325928
31600,36.305233001708984,3.461733341217041
31800,37.584625244140625,3.381542682647705
32000,35.46840286254883,3.607368230819702
32200,37.21290969848633,3.660036087036133
32400,32.22317123413086,3.6931207180023193
32600,36.10635757446289,3.5116140842437744
32800,40.2807731628418,3.2405450344085693
33000,33.10273742675781,3.6889500617980957
33200,37.89144515991211,3.2115259170532227
33400,36.46092224121094,3.3910605907440186
33600,37.35572052001953,3.473005771636963
33800,37.74591827392578,3.639526844024658
34000,36.07622528076172,3.2113518714904785
34200,41.879730224609375,3.355196237564087
34400,36.72154235839844,3.6254029273986816
34600,37.043601989746094,3.4959418773651123
34800,37.98771286010742,3.5371198654174805
35000,37.81255340576172,3.698671579360962
35200,36.297340393066406,3.712212562561035
35400,35.54954528808594,3.5865931510925293
35600,40.33732986450195,3.6547203063964844
35800,38.115909576416016,3.3567633628845215
36000,37.313377380371094,3.520048141479492
36200,38.74851989746094,3.0750298500061035
36400,36.27286148071289,3.6632509231567383
36600,38.51540756225586,3.2969017028808594
36800,37.823699951171875,3.1800734996795654
37000,36.96222686767578,3.715146064758301
37200,37.6785888671875,3.6909241676330566
37400,35.28771209716797,3.4296696186065674
37600,38.39358901977539,3.6616251468658447
37800,35.2630500793457,3.5463480949401855
38000,37.874168395996094,3.472115993499756
38200,34.35599899291992,3.7573509216308594
38400,40.31826400756836,3.2530574798583984
38600,36.13323211669922,3.2701900005340576
38800,35.633689880371094,3.5553154945373535
39000,35.05513000488281,3.620148181915283
39200,36.689510345458984,3.418520212173462
39400,32.045318603515625,3.999995231628418
39600,38.89018249511719,3.39848256111145
39800,37.944583892822266,3.47920823097229
40000,38.436119079589844,3.371878147125244
40200,35.78811264038086,3.626941680908203
40400,35.429527282714844,3.6164958477020264
40600,35.91791915893555,3.5092883110046387
40800,36.89234161376953,3.177622079849243
41000,39.16501235961914,3.508721351623535
41200,37.20029830932617,3.297908306121826
41400,37.04950714111328,3.633790969848633
41600,34.4649772644043,3.7391419410705566
41800,37.45719528198242,3.5320143699645996
42000,36.772945404052734,3.2534005641937256
42200,35.86634826660156,3.584383964538574
42400,36.68476104736328,3.324481725692749
42600,35.75944900512695,3.446823835372925
42800,36.21231460571289,3.5796971321105957
43000,34.64760971069336,3.480175018310547
43200,37.735782623291016,3.352534532546997
43400,41.28680419921875,3.054321765899658
43600,37.92275619506836,3.572054862976074
43800,39.94831466674805,3.093808174133301
44000,41.06185531616211,3.219743013381958
44200,37.06595993041992,3.4195446968078613
44400,37.983585357666016,3.24642276763916
44600,40.31017303466797,3.5228617191314697
44800,37.41975402832031,3.286783456802368
45000,34.8032112121582,3.4861650466918945
45200,39.656063079833984,3.5447816848754883
45400,35.977760314941406,3.240281820297241
45600,37.232704162597656,3.323396921157837
45800,37.8804817199707,3.5957841873168945
46000,34.85189437866211,3.70119571685791
46200,37.68906784057617,3.5483641624450684
46400,35.28940963745117,3.5918517112731934
46600,35.175323486328125,3.6545467376708984
46800,36.82865524291992,3.60690975189209
47000,36.089786529541016,3.519198417663574
47200,35.82069778442383,3.5287623405456543
47400,36.914794921875,3.3894667625427246
47600,35.6331672668457,3.7630157470703125
47800,37.70222473144531,3.3426826000213623
48000,37.507110595703125,3.4603970050811768
48200,41.338645935058594,2.96462345123291
48400,37.441612243652344,3.3490824699401855
48600,39.42173385620117,3.437647819519043
48800,36.20220947265625,3.5766377449035645
49000,36.665218353271484,3.251697063446045
49200,36.44000244140625,3.549642324447632
49400,37.817989349365234,3.4717676639556885
49600,36.03807830810547,3.5341715812683105
49800,36.904396057128906,3.2353882789611816
50000,35.4969367980957,3.6397902965545654
50200,38.56562042236328,3.432985544204712
50400,35.416751861572266,3.4923999309539795
50600,34.566532135009766,3.6302952766418457
50800,35.507205963134766,3.4520740509033203
51000,36.48775100708008,3.564582347869873
51200,34.8299674987793,3.6044530868530273
51400,38.27709197998047,3.307563304901123
51600,35.349056243896484,3.533111572265625
51800,35.88455581665039,3.6465330123901367
52000,38.05908203125,3.2211437225341797
52200,38.864540100097656,3.3168725967407227
52400,36.65144348144531,3.4984474182128906
52600,41.36123275756836,3.3546910285949707
52800,35.403907775878906,3.5165059566497803
53000,36.63438415527344,3.281984329223633
53200,35.83174514770508,3.4892640113830566
53400,36.9295654296875,3.773848295211792
53600,37.78867721557617,3.4598259925842285
53800,34.885406494140625,3.522988796234131
54000,36.822479248046875,3.5063531398773193
54200,36.09866714477539,3.39686918258667
54400,33.39325714111328,3.840996265411377
54600,40.343360900878906,3.379112958908081
54800,36.35533142089844,3.473907470703125
55000,41.58364486694336,3.217043876647949
55200,36.182682037353516,3.5887370109558105
55400,36.35003662109375,3.382667064666748
55600,36.29107666015625,3.5133800506591797
55800,38.366275787353516,3.3187901973724365
56000,37.75659942626953,3.3038172721862793
56200,36.94014358520508,3.595766067504883
56400,35.722694396972656,3.637629508972168
56600,37.586029052734375,3.4587903022766113
56800,37.60576629638672,3.205904483795166
57000,38.210655212402344,3.3389434814453125
57200,35.884185791015625,3.528826951980591
57400,38.32387924194336,3.3330867290496826
57600,36.83585739135742,3.6245172023773193
57800,37.34831237792969,3.330094337463379
58000,39.8812255859375,3.2056736946105957
58200,38.713993072509766,3.219245195388794
58400,36.38031768798828,3.105879306793213
58600,36.523799896240234,3.25956392288208
58800,37.751399993896484,3.3136913776397705
59000,37.613372802734375,3.4249067306518555
59200,40.05397033691406,3.4358270168304443
59400,35.782405853271484,3.3844916820526123
59600,37.2083740234375,3.203955888748169
59800,36.28550720214844,3.4182567596435547
60000,36.660675048828125,3.6409125328063965
60200,38.24892044067383,3.5345168113708496
60400,35.5665283203125,3.571105718612671
60600,35.342166900634766,3.387784242630005
60800,38.443050384521484,3.354241371154785
61000,38.645477294921875,3.3458452224731445
61200,38.29710388183594,3.2727630138397217
61400,33.36994934082031,3.618269920349121
61600,37.85063934326172,3.19821834564209
61800,36.01120376586914,3.477311372756958
62000,36.578678131103516,3.1917226314544678
62200,37.37427520751953,3.5326969623565674
62400,34.03313064575195,3.3990442752838135
62600,38.65477752685547,3.2924211025238037
62800,37.076053619384766,3.504502296447754
63000,32.86760711669922,3.813098192214966
62200,35.29654312133789,3.6186697483062744
62400,37.97488784790039,3.3139700889587402
62600,33.17631149291992,3.7691292762756348
62800,36.601871490478516,3.365966796875
63000,41.789154052734375,3.069911479949951
63200,37.443397521972656,3.2777252197265625
63400,37.58930587768555,3.6055755615234375
63600,38.77306365966797,3.3786094188690186
63800,35.741661071777344,3.550225019454956
64000,37.583866119384766,3.3859400749206543
64200,37.83608627319336,3.380218982696533
64400,34.99583053588867,3.6832492351531982
64600,39.50074768066406,3.301957845687866
64800,36.08283615112305,3.303182601928711
65000,37.57875061035156,3.4636476039886475
65200,37.58384323120117,3.7546095848083496
65400,36.18228530883789,3.4136366844177246
65600,36.62866973876953,3.46151065826416
65800,35.032798767089844,3.5953643321990967
66000,35.35095977783203,3.2290849685668945
66200,35.297000885009766,3.497199773788452
66400,33.692054748535156,3.6910998821258545
66600,36.12912368774414,3.508443832397461
66800,35.042327880859375,3.665919780731201
67000,36.57389450073242,3.3567709922790527
67200,37.303550720214844,3.1760947704315186
67400,37.534603118896484,3.336839199066162
67600,36.176998138427734,3.3672900199890137
67800,34.4307975769043,3.484083414077759
68000,35.90023422241211,3.441021680831909
68200,38.866180419921875,3.506765604019165
68400,37.53632736206055,3.354670524597168
68600,39.55656051635742,3.2757182121276855
68800,34.36308670043945,3.634148120880127
69000,35.62224578857422,3.433769464492798
69200,38.461360931396484,3.234449625015259
69400,34.592411041259766,3.726431369781494
69600,37.0191650390625,3.476370334625244
69800,36.43476867675781,3.42344331741333
70000,36.507408142089844,3.471005439758301
70200,35.44664764404297,3.588230609893799
70400,41.97712326049805,3.260176420211792
70600,37.235496520996094,3.446314573287964
70800,36.137115478515625,3.5988411903381348
71000,36.09394454956055,3.4129555225372314
71200,39.24773025512695,3.298236846923828
71400,34.8447380065918,3.609151601791382
71600,37.46858215332031,3.296941041946411
71800,39.42158508300781,3.3282275199890137
72000,36.17061233520508,3.547757148742676
72200,38.48627471923828,3.2004761695861816
72400,32.8232421875,3.730056047439575
72600,36.09382629394531,3.6134486198425293
72800,37.628440856933594,3.3916738033294678
73000,36.56230926513672,3.454008102416992
73200,37.78681564331055,3.4160728454589844
73400,37.889015197753906,3.347776412963867
73600,36.78238296508789,3.513268232345581
73800,35.28751754760742,3.6308884620666504
74000,36.997432708740234,3.301454782485962
74200,37.570777893066406,3.5254461765289307
74400,36.095767974853516,3.565878391265869
74600,35.96612548828125,3.343777894973755
74800,37.119354248046875,3.340658187866211
75000,36.1488151550293,3.252380847930908
75200,35.858768463134766,3.5639607906341553
75400,36.58417510986328,3.613294839859009
75600,34.861602783203125,3.5146408081054688
75800,39.470977783203125,3.1966261863708496
76000,34.50953674316406,3.4913225173950195
76200,36.37961196899414,3.3444466590881348
76400,37.31092834472656,3.2483162879943848
76600,34.131248474121094,3.915853500366211
76800,37.16123580932617,3.860403060913086
77000,36.7870979309082,3.5976600646972656
77200,36.9610710144043,3.321225643157959
77400,38.983909606933594,3.304535388946533
77600,37.842506408691406,3.5352420806884766
77800,36.96332931518555,3.2529685497283936
78000,35.77108383178711,3.536470651626587
78200,36.32667541503906,3.290346622467041
78400,34.66237258911133,3.364058256149292
78600,34.98999786376953,3.4753706455230713
78800,37.533573150634766,3.3206663131713867
79000,35.3339729309082,3.608147144317627
79200,33.61988830566406,3.580442428588867
79400,39.41947937011719,3.2139248847961426
79600,38.25199890136719,3.5102810859680176
79800,37.149932861328125,3.5610389709472656
80000,39.467472076416016,3.290259838104248
80200,38.009178161621094,3.2078609466552734
80400,37.78341293334961,3.4753055572509766
80600,33.5271110534668,3.5907094478607178
80800,38.575199127197266,3.425900936126709
81000,37.49690628051758,3.240889072418213
81200,37.369171142578125,3.25734806060791
81400,36.2803955078125,3.522761106491089
81600,38.01759719848633,3.118187665939331
81800,40.72454071044922,2.899923801422119
82000,37.93750762939453,3.4173974990844727
82200,37.88277816772461,3.2378039360046387
82400,39.18619155883789,3.1379165649414062
82600,35.246986389160156,3.5356078147888184
82800,33.78009033203125,3.586660385131836
83000,35.60310745239258,3.5392255783081055
83200,35.90451431274414,3.359860420227051
83400,35.67974853515625,3.6637797355651855
83600,37.012107849121094,3.3484086990356445
83800,34.370601654052734,3.541954278945923
84000,36.656639099121094,3.3860511779785156
84200,36.32998275756836,3.700613260269165
84400,34.44477081298828,3.47528338432312
84600,34.67875289916992,3.6552767753601074
84800,36.11879348754883,3.2911319732666016
85000,33.54831314086914,3.5202693939208984
85200,35.66077423095703,3.463301658630371
85400,36.80258560180664,3.246255874633789
85600,36.288761138916016,3.585418701171875
85800,38.027530670166016,3.2928082942962646
86000,35.92421340942383,3.5708627700805664
86200,37.41212463378906,3.465996265411377
86400,34.43913269042969,3.6776816844940186
86600,35.75288009643555,3.5207014083862305
86800,38.29056930541992,3.52813720703125
87000,36.48680877685547,3.4801583290100098
87200,38.14699172973633,3.462752342224121
87400,39.085166931152344,3.1606760025024414
87600,34.59247589111328,3.7649545669555664
87800,38.9237174987793,3.1677591800689697
88000,34.441993713378906,3.6051552295684814
88200,33.818763732910156,3.8512401580810547
88400,35.670799255371094,3.5829248428344727
88600,36.72358703613281,3.2785089015960693
88800,35.586212158203125,3.5432279109954834
89000,35.05213928222656,3.4325485229492188
89200,35.444732666015625,3.4128196239471436
89400,37.962459564208984,3.4932894706726074
89600,36.89152908325195,3.293193817138672
89800,36.37968063354492,3.6311986446380615
90000,37.370018005371094,3.4775924682617188
90200,32.34135818481445,3.703291177749634
90400,34.762062072753906,3.6465530395507812
90600,35.44023132324219,3.6945607662200928
90800,35.070068359375,3.4351797103881836
91000,34.57455062866211,3.4392013549804688
91200,35.94742965698242,3.2322709560394287
91400,32.22332000732422,3.787717819213867
91600,37.38439178466797,3.2500016689300537
91800,37.65148162841797,3.3511247634887695
92000,33.879573822021484,3.5432097911834717
92200,36.45289993286133,3.3659543991088867
92400,37.19562911987305,3.457951784133911
92600,38.52316665649414,3.254237174987793
92800,35.770179748535156,3.311854124069214
93000,33.56247329711914,3.5950849056243896
93200,35.490753173828125,3.5774266719818115
93400,34.863704681396484,3.6391263008117676
93600,34.48398971557617,3.5198309421539307
93800,35.28242492675781,3.4273996353149414
94000,35.088783264160156,3.93953013420105
94200,37.668216705322266,3.552455425262451
94400,37.029640197753906,3.2269086837768555
94600,36.691749572753906,3.5258569717407227
94800,37.36288833618164,3.28940749168396
95000,33.89015197753906,3.5860416889190674
95200,36.26289367675781,3.4549591541290283
95400,38.551795959472656,3.1473169326782227
95600,36.418853759765625,3.429865837097168
95800,37.118194580078125,3.2963709831237793
96000,35.849815368652344,3.639575719833374
96200,37.01246643066406,3.5173897743225098
96400,35.008216857910156,3.38795804977417
96600,35.27888107299805,3.502145290374756
96800,37.66341018676758,3.294640302658081
97000,36.456111907958984,3.4387340545654297
97200,35.78559112548828,3.5570616722106934
97400,34.41307067871094,3.589853525161743
97600,35.02605056762695,3.601328134536743
97800,35.38191604614258,3.6962268352508545
98000,36.90034866333008,3.3824925422668457
98200,36.846519470214844,3.5128657817840576
98400,36.52772521972656,3.4247236251831055
98600,32.02418899536133,3.749904155731201
98800,35.9940071105957,3.369962453842163
99000,33.63936233520508,3.5728001594543457
99200,38.86039352416992,3.2615790367126465
99400,36.65610122680664,3.6141886711120605
99600,39.921974182128906,3.203498363494873
99800,34.85493850708008,3.589120626449585
100000,32.10975646972656,3.8339760303497314
100200,36.70224380493164,3.471374273300171
100400,36.198734283447266,3.299602746963501
100600,36.08945083618164,3.558863639831543
100800,35.96257019042969,3.3989691734313965
101000,35.33409118652344,3.7473397254943848
101200,36.41538619995117,3.240584135055542
101400,39.24839401245117,3.256208896636963
101600,34.92096710205078,3.6786224842071533
101800,33.50861740112305,3.438473701477051
102000,37.30368423461914,3.374239206314087
102200,37.136138916015625,3.1920690536499023
102400,38.194305419921875,3.2990145683288574
102600,36.128604888916016,3.391544818878174
102800,38.54132843017578,3.151242971420288
103000,36.65431594848633,3.2772374153137207
103200,36.10018539428711,3.4686036109924316
103400,36.05690002441406,3.31687068939209
103600,38.01268005371094,3.193157434463501
103800,33.849609375,3.767369270324707
104000,37.0030632019043,3.5442113876342773
104200,36.824241638183594,3.5596916675567627
104400,39.965553283691406,3.194492816925049
104600,38.94702911376953,3.581144332885742
104800,35.943050384521484,3.52182936668396
105000,36.2958984375,3.540905714035034
105200,38.41876220703125,3.2147903442382812
105400,36.28523635864258,3.369973659515381
105600,36.3897819519043,3.6182165145874023
105800,32.865325927734375,3.758928060531616
106000,37.05819320678711,3.2821156978607178
106200,35.25821304321289,3.0825753211975098
106400,38.6385498046875,3.3003056049346924
106600,35.82139587402344,3.511514186859131
106800,38.491615295410156,3.309615135192871
107000,37.80463409423828,3.3720908164978027
107200,36.03762435913086,3.583061933517456
107400,34.856327056884766,3.5314807891845703
107600,34.56660842895508,3.4187536239624023
107800,35.2103271484375,3.332029342651367
108000,37.51141357421875,3.4771318435668945
108200,38.54426574707031,3.2797393798828125
108400,35.46781539916992,3.5245203971862793
108600,36.1075325012207,3.290247917175293
108800,36.03770446777344,3.5121192932128906
109000,35.086307525634766,3.8168563842773438
109200,38.51704406738281,3.366560220718384
109400,34.813499450683594,3.345224142074585
109600,37.595027923583984,3.3464112281799316
109800,37.4960823059082,3.3887643814086914
110000,35.49616241455078,3.5336828231811523
110200,34.869529724121094,3.530716896057129
110400,34.350799560546875,3.464963912963867
110600,35.66566467285156,3.5720648765563965
110800,37.82386779785156,3.2830209732055664
111000,36.171260833740234,3.517012119293213
111200,37.30058670043945,3.247696876525879
111400,35.34576416015625,3.4834632873535156
111600,33.074466705322266,3.7791287899017334
111800,34.13576889038086,3.4173505306243896
112000,35.465118408203125,3.310563087463379
112200,36.59256362915039,3.3525991439819336
112400,33.97035217285156,3.4862589836120605
112600,37.016563415527344,3.3309779167175293
112800,38.36071014404297,3.2127392292022705
113000,34.72809982299805,3.5355892181396484
113200,37.3074836730957,3.2205207347869873
113400,34.449798583984375,3.7642407417297363
113600,36.52784729003906,3.6766042709350586
113800,35.925357818603516,3.4644575119018555
114000,35.02861022949219,3.571470260620117
114200,35.859493255615234,3.440375804901123
114400,38.96600341796875,3.2735543251037598
114600,36.38117218017578,3.4031593799591064
114800,33.86724853515625,3.4202468395233154
115000,35.073028564453125,3.602583408355713
115200,39.58585739135742,3.4460794925689697
115400,36.53587341308594,3.354214668273926
115600,37.40084457397461,3.3508248329162598
115800,38.80746078491211,3.298603057861328
116000,38.0495491027832,3.4671902656555176
116200,33.230220794677734,3.7400903701782227
116400,35.90693283081055,3.4211909770965576
116600,35.88676452636719,3.5051963329315186
116800,33.46331787109375,3.3954832553863525
117000,39.37839889526367,3.357600688934326
117200,36.039249420166016,3.377908706665039
117400,37.158409118652344,3.2354321479797363
117600,37.870330810546875,3.4223294258117676
117800,37.879058837890625,3.565211057662964
118000,36.01342010498047,3.202784776687622
118200,38.314517974853516,3.4268195629119873
118400,36.88003158569336,3.390712261199951
118600,36.412147521972656,3.3400802612304688
118800,35.44972610473633,3.4957547187805176
119000,35.33091354370117,3.5356051921844482
119200,35.42445373535156,3.567686080932617
119400,33.231380462646484,3.6270599365234375
119600,36.75872039794922,3.413357734680176
119800,35.365272521972656,3.6353557109832764
120000,38.05171203613281,3.1295671463012695
120200,36.03053665161133,3.652500629425049
120400,36.33721923828125,3.533527374267578
120600,36.26527786254883,3.588798999786377
120800,36.38663101196289,3.5442802906036377
121000,35.51203536987305,3.2942264080047607
121200,40.21733856201172,3.152291774749756
121400,36.66055679321289,3.3844587802886963
121600,34.30363464355469,3.3957808017730713
121800,34.93197250366211,3.5318665504455566
122000,39.58484649658203,3.4925265312194824
122200,34.368080139160156,3.493971824645996
122400,35.31375503540039,3.363706111907959
122600,34.556705474853516,3.291083335876465
122800,35.683677673339844,3.497079849243164
123000,35.67017364501953,3.454599380493164
123200,36.908836364746094,3.362781524658203
123400,35.50897216796875,3.425137996673584
123600,37.628971099853516,3.3622848987579346
123800,39.418880462646484,3.279848098754883
124000,35.82857894897461,3.694807529449463
124200,38.114280700683594,3.357515335083008
124400,38.586631774902344,3.5522122383117676
124600,37.669532775878906,3.358809471130371
124800,36.23497009277344,3.417362689971924
125000,32.573909759521484,3.554532051086426
125200,36.677249908447266,3.37104868888855
125400,35.43516540527344,3.375645875930786
125600,38.554466247558594,3.41908597946167
125800,38.8299446105957,3.06301212310791
126000,37.4571418762207,3.541269063949585
126200,34.91595458984375,3.5529656410217285
125400,35.41868591308594,3.3835620880126953
125600,33.60734939575195,3.6170613765716553
125800,37.4494514465332,3.320495128631592
126000,37.355525970458984,3.459571361541748
126200,37.64038848876953,3.496971845626831
126400,33.92716979980469,3.543213129043579
126600,41.03148651123047,2.9905755519866943
126800,35.57410430908203,3.312316656112671
127000,34.46468734741211,3.597351551055908
127200,34.158016204833984,3.7328925132751465
127400,35.535804748535156,3.3403897285461426
127600,36.28851318359375,3.518313407897949
127800,36.90167999267578,3.35502552986145
128000,34.42474365234375,3.4929728507995605
128200,35.4698486328125,3.696031093597412
128400,34.944297790527344,3.4881207942962646
128600,37.35612106323242,3.278411865234375
128800,33.521854400634766,3.5948891639709473
129000,38.64573669433594,3.218770980834961
129200,33.63224792480469,3.540670871734619
129400,36.10918426513672,3.2997779846191406
129600,36.40332794189453,3.460341453552246
129800,35.93305206298828,3.1995298862457275
130000,35.377872467041016,3.53829288482666
130200,38.05183410644531,3.436147689819336
130400,36.3582649230957,3.5022621154785156
130600,37.267520904541016,3.547830581665039
130800,36.6685791015625,3.4475815296173096
131000,35.58854293823242,3.469226598739624
131200,37.67513656616211,3.1140918731689453
131400,37.7419548034668,3.4829766750335693
131600,36.029109954833984,3.3862500190734863
131800,36.46658706665039,3.553997755050659
132000,38.257442474365234,3.3487908840179443
132200,35.112545013427734,3.3773186206817627
132400,34.714752197265625,3.36710262298584
132600,36.95108413696289,3.460087537765503
132800,37.07631301879883,3.5793190002441406
133000,35.85441207885742,3.3161637783050537
133200,34.897796630859375,3.5005850791931152
133400,35.445350646972656,3.433370590209961
133600,35.768287658691406,3.516555070877075
133800,29.995220184326172,3.6774682998657227
134000,37.65876770019531,3.3273849487304688
134200,34.26763916015625,3.5840725898742676
134400,33.57497787475586,3.7187399864196777
134600,37.428714752197266,3.3223767280578613
134800,34.16878890991211,3.598574161529541
135000,37.58346939086914,3.201545476913452
135200,38.408729553222656,3.287158489227295
135400,38.48829650878906,3.4536852836608887
135600,39.33021545410156,3.2787957191467285
135800,37.54890441894531,3.078432083129883
136000,37.97071075439453,3.2921292781829834
136200,35.361324310302734,3.2500946521759033
136400,35.386009216308594,3.53057599067688
136600,36.614078521728516,3.4158403873443604
136800,41.84876251220703,3.2898433208465576
137000,36.502296447753906,3.254171371459961
137200,35.25658416748047,3.5817980766296387
137400,36.96799087524414,3.439918279647827
137600,36.115020751953125,3.3603858947753906
137800,35.7640266418457,3.669926643371582
138000,37.71609878540039,3.424891233444214
138200,38.350624084472656,3.43745756149292
138400,37.094974517822266,3.355073928833008
138600,36.04545593261719,3.3227040767669678
138800,38.77238845825195,3.432899236679077
139000,36.81690216064453,3.0667715072631836
139200,37.10772705078125,3.298372268676758
139400,37.26399230957031,3.4442813396453857
139600,35.86505126953125,3.354602336883545
139800,35.806304931640625,3.43760347366333
140000,36.34088897705078,3.3284780979156494
140200,32.98020553588867,3.525848150253296
140400,35.88213348388672,3.28716778755188
140600,36.88628005981445,3.5430901050567627
140800,36.92706298828125,3.254721164703369
141000,39.30678939819336,3.463029146194458
141200,35.48075866699219,3.507042407989502
141400,36.67629623413086,3.3660924434661865
141600,34.94733810424805,3.533506393432617
141800,36.805179595947266,3.2335894107818604
142000,36.44960403442383,3.317683458328247
142200,35.27200698852539,3.5113048553466797
142400,36.78953170776367,3.327763795852661
142600,37.26198959350586,3.201911211013794
142800,35.672332763671875,3.4341938495635986
143000,36.47935485839844,3.5045511722564697
143200,34.975013732910156,3.564140796661377
143400,34.614356994628906,3.519153594970703
143600,36.5091667175293,3.54266357421875
143800,35.68033981323242,3.558326482772827
144000,36.832054138183594,3.2884128093719482
144200,34.831817626953125,3.580965042114258
144400,37.32539367675781,3.4711077213287354
144600,36.80469512939453,3.4454238414764404
144800,36.83463668823242,3.169738292694092
145000,34.20404052734375,3.6177053451538086
145200,37.05946350097656,3.489885091781616
145400,36.511783599853516,3.58262300491333
145600,34.91511535644531,3.5551443099975586
145800,34.59502410888672,3.6700732707977295
146000,35.53522872924805,3.6092467308044434
146200,37.607547760009766,3.4224562644958496
146400,35.70068359375,3.4822072982788086
146600,34.867549896240234,3.622706890106201
146800,35.10670471191406,3.5503339767456055
147000,33.537078857421875,3.605207681655884
147200,37.68864059448242,3.4222311973571777
147400,34.750732421875,3.5543293952941895
147600,38.75798416137695,3.28977632522583
147800,35.81231689453125,3.6776070594787598
148000,35.671531677246094,3.53204083442688
148200,36.344234466552734,3.208399772644043
148400,36.95637130737305,3.282235860824585
148600,35.348506927490234,3.631328582763672
148800,36.41719055175781,3.2563328742980957
149000,36.50148010253906,3.5126750469207764
149200,36.310977935791016,3.4226021766662598
149400,33.401145935058594,3.6501567363739014
149600,41.64019012451172,3.2548303604125977
149800,36.76734161376953,3.4380030632019043
150000,38.19902420043945,3.3230350017547607
150200,36.977386474609375,3.4575796127319336
150400,37.60292053222656,3.2719478607177734
150600,35.436988830566406,3.529092311859131
150800,39.007659912109375,3.2934136390686035
151000,37.29610061645508,3.1812832355499268
151200,37.91088104248047,3.5244438648223877
151400,36.76411437988281,3.441701889038086
151600,38.7353515625,3.329162120819092
151800,35.86186981201172,3.440784454345703
152000,36.043800354003906,3.4473471641540527
152200,40.608333587646484,3.225348949432373
152400,37.423683166503906,3.1981863975524902
152600,34.128055572509766,3.5463922023773193
152800,34.755760192871094,3.5783944129943848
153000,36.93402862548828,3.473572254180908
153200,35.653831481933594,3.3689351081848145
153400,38.82763671875,3.3775746822357178
153600,37.82090377807617,3.355123996734619
153800,36.96538543701172,3.2736871242523193
154000,34.68014907836914,3.694260597229004
154200,36.192291259765625,3.564497709274292
154400,35.043663024902344,3.3458359241485596
154600,34.90672302246094,3.5120925903320312
154800,36.34666442871094,3.1571853160858154
155000,37.642696380615234,3.2908999919891357
155200,36.42352294921875,3.6667866706848145
155400,35.72378158569336,3.402040719985962
155600,35.232913970947266,3.4685652256011963
155800,34.56407165527344,3.7811081409454346
156000,37.3346061706543,3.0840749740600586
156200,35.70143508911133,3.4393792152404785
156400,34.7792854309082,3.8179144859313965
156600,37.12482452392578,3.464670181274414
156800,39.71381759643555,3.4033305644989014
157000,35.41768264770508,3.4380674362182617
157200,37.12387466430664,2.9448883533477783
157400,36.5490608215332,3.3583292961120605
157600,36.39005661010742,3.469438076019287
157800,36.42988204956055,3.4023914337158203
158000,37.158843994140625,3.451632022857666
158200,32.24086380004883,3.8221914768218994
158400,37.635093688964844,3.184448719024658
158600,36.74006271362305,3.168278932571411
158800,34.790592193603516,3.4818007946014404
159000,37.85358810424805,3.4672889709472656
159200,38.89371109008789,3.122535228729248
159400,36.17290115356445,3.5538315773010254
159600,34.0239143371582,3.577188491821289
159800,35.41969299316406,3.422569751739502
160000,39.12993621826172,3.2292909622192383
160200,36.067012786865234,3.3363113403320312
160400,38.68037796020508,3.387845754623413
160600,37.830108642578125,3.360982894897461
160800,36.970523834228516,3.3318042755126953
161000,34.94646072387695,3.441761016845703
161200,36.32319641113281,3.434018611907959
161400,36.219581604003906,3.4233226776123047
161600,34.51665496826172,3.3955235481262207
161800,37.721553802490234,3.203490734100342
162000,33.41956329345703,3.562908887863159
162200,36.83850860595703,3.4990103244781494
162400,35.68376541137695,3.2897722721099854
162600,35.436058044433594,3.442518472671509
162800,35.439849853515625,3.456289529800415
163000,36.85303497314453,3.499800443649292
163200,34.067195892333984,3.6576321125030518
163400,38.78274917602539,3.199810266494751
163600,36.48569869995117,3.419192314147949
163800,35.907081604003906,3.5847318172454834
164000,38.2191162109375,3.3429884910583496
164200,35.54627227783203,3.427194118499756
164400,36.67509078979492,3.090376853942871
164600,34.64008712768555,3.631526470184326
164800,33.325927734375,3.607248544692993
165000,34.549468994140625,3.5407040119171143
165200,35.688377380371094,3.3350367546081543
165400,35.86248779296875,3.475040912628174
165600,35.9109001159668,3.3557138442993164
165800,37.32170104980469,3.368837833404541
166000,35.995994567871094,3.401259183883667
166200,36.41465377807617,3.3325867652893066
166400,36.98463439941406,3.558152437210083
166600,36.848506927490234,3.451411247253418
166800,34.01150894165039,3.741105318069458
167000,37.409400939941406,3.3157958984375
167200,35.24184799194336,3.428424119949341
167400,36.2910270690918,3.550138473510742
167600,34.47595977783203,3.4081943035125732
167800,34.2961540222168,3.5644688606262207
168000,33.22744369506836,3.6667134761810303
168200,36.802982330322266,3.352968692779541
168400,35.13772201538086,3.4314260482788086
168600,37.93896484375,3.2465460300445557
168800,35.74805450439453,3.501565456390381
169000,34.65730667114258,3.434377431869507
169200,33.34027862548828,3.602843761444092
169400,35.78057861328125,3.453272819519043
169600,37.774051666259766,3.1047487258911133
169800,36.46333694458008,3.6481902599334717
170000,36.35707473754883,3.4067251682281494
170200,36.13361358642578,3.7055013179779053
170400,36.16022491455078,3.497488498687744
170600,36.175785064697266,3.2518200874328613
170800,37.239009857177734,3.4220352172851562
171000,36.812191009521484,3.2371976375579834
171200,37.06078338623047,3.527928590774536
171400,38.84236145019531,3.3408141136169434
171600,37.935970306396484,3.1559877395629883
171800,37.45737838745117,3.393906354904175
172000,36.14768981933594,3.465651035308838
172200,41.82719802856445,2.9855289459228516
172400,34.89527893066406,3.7152605056762695
172600,36.60538864135742,3.254852056503296
172800,36.08820343017578,3.4195356369018555
173000,36.570472717285156,3.6299519538879395
173200,37.457210540771484,3.3668341636657715
173400,39.2619743347168,3.24727463722229
173600,35.90012741088867,3.5105338096618652
173800,34.53257751464844,3.4172682762145996
174000,36.95491409301758,3.263972520828247
174200,38.10478973388672,3.341235637664795
174400,35.663421630859375,3.4441871643066406
174600,37.86033630371094,3.510389804840088
174800,36.28546142578125,3.440976858139038
175000,37.10580825805664,3.371976375579834
175200,36.530189514160156,3.4049596786499023
175400,40.68170928955078,3.162804126739502
175600,35.063968658447266,3.3914687633514404
175800,38.53066635131836,3.310760974884033
176000,33.59568405151367,3.8188421726226807
176200,40.31578063964844,2.944628953933716
176400,36.89767074584961,3.39691162109375
176600,36.652347564697266,3.257234811782837
176800,36.910675048828125,3.3923354148864746
177000,37.15296173095703,3.137505054473877
177200,36.69028854370117,3.3050549030303955
177400,33.19255828857422,3.63866925239563
177600,34.3570671081543,3.781963348388672
177800,38.81622314453125,3.301933765411377
178000,34.89813995361328,3.318018913269043
178200,39.09996032714844,3.0424745082855225
178400,35.47878646850586,3.446027994155884
178600,36.524070739746094,3.5594117641448975
178800,36.99775314331055,3.2481632232666016
179000,37.25352096557617,3.4200668334960938
179200,35.01023483276367,3.7397546768188477
179400,35.26741027832031,3.761596918106079
179600,39.015541076660156,3.177590847015381
179800,36.84010314941406,3.474733829498291
180000,39.447139739990234,3.21437406539917
180200,35.84236526489258,3.349094867706299
180400,33.50972366333008,3.724529266357422
180600,38.029048919677734,3.339909076690674
180800,37.835567474365234,3.2661921977996826
181000,35.67802047729492,3.561842918395996
181200,35.829898834228516,3.519805908203125
181400,37.413272857666016,3.4620206356048584
181600,33.94039535522461,3.529216766357422
181800,37.71864318847656,3.5243515968322754
182000,33.92084503173828,3.639162063598633
182200,34.95880126953125,3.4501261711120605
182400,36.5294303894043,3.576906442642212
182600,35.07715606689453,3.6259849071502686
182800,37.86166000366211,3.292926073074341
183000,35.49761962890625,3.4473209381103516
183200,35.1657600402832,3.5424857139587402
183400,33.3416633605957,3.736483573913574
183600,35.75107192993164,3.651320457458496
183800,35.99082565307617,3.5877327919006348
184000,34.56553268432617,3.5597174167633057
184200,34.13032531738281,3.7606472969055176
184400,34.30586624145508,3.568354845046997
184600,36.124202728271484,3.2222557067871094
184800,37.72216033935547,3.2073683738708496
185000,36.1652717590332,3.378514528274536
185200,37.12908172607422,3.2647383213043213
185400,34.88524627685547,3.3800411224365234
185600,35.39732360839844,3.3219377994537354
185800,36.53135681152344,3.3793435096740723
186000,35.2169189453125,3.4030723571777344
186200,39.30817794799805,3.3606796264648438
186400,35.8906135559082,3.185852289199829
186600,36.33528137207031,3.4486231803894043
186800,36.2611083984375,3.3578548431396484
187000,37.04911422729492,3.244328022003174
187200,34.644004821777344,3.5216100215911865
187400,38.157386779785156,3.136924982070923
187600,35.239532470703125,3.3818724155426025
187800,39.12071990966797,3.3814287185668945
188000,35.820518493652344,3.3869287967681885
188200,38.451454162597656,3.319507598876953
188400,33.40564727783203,3.676927089691162
188600,35.1811637878418,3.507049560546875
188800,35.97585678100586,3.615166664123535
189000,36.592796325683594,3.213554620742798
189200,35.77018356323242,3.5478243827819824
189400,35.82722091674805,3.414963483810425
189600,36.22909927368164,3.408754348754883
189800,33.40687561035156,3.5853021144866943
190000,39.29118347167969,3.3439996242523193
190200,36.833290100097656,3.4111146926879883
190400,35.389225006103516,3.479796886444092
190600,33.62855911254883,3.4912781715393066
190800,35.25587463378906,3.399169683456421
191000,35.43320083618164,3.3768198490142822
191200,33.443424224853516,3.7415902614593506
191400,35.723575592041016,3.49208402633667
191600,35.92256164550781,3.363770008087158
191800,35.347694396972656,3.5339696407318115
192000,33.38037872314453,3.375962972640991
192200,35.11361312866211,3.2876904010772705
192400,35.96809387207031,3.5175414085388184
192600,38.296607971191406,3.6471292972564697
192800,35.882530212402344,3.283855676651001
193000,35.92596435546875,3.391505479812622
193200,38.5256462097168,3.1882545948028564
193400,37.645606994628906,3.4320485591888428
193600,36.33124923706055,3.4384310245513916
193800,37.926414489746094,3.1212258338928223
194000,36.188636779785156,3.392547845840454
194200,36.78557205200195,3.307037115097046
194400,36.834651947021484,3.3353238105773926
194600,39.067989349365234,3.330402374267578
194800,38.582637786865234,3.371943712234497
195000,36.91602325439453,3.50970458984375
195200,35.437007904052734,3.5437748432159424
195400,37.47676086425781,3.306133985519409
195600,38.825286865234375,3.139984130859375
195800,37.25508117675781,3.419973373413086
196000,37.03661346435547,3.4808521270751953
196200,37.269615173339844,3.1278910636901855
196400,37.18925094604492,3.3085999488830566
196600,36.33955001831055,3.4740679264068604
196800,34.9615478515625,3.424839735031128
197000,35.4697265625,3.2900004386901855
197200,35.79496765136719,3.3960843086242676
197400,37.093849182128906,3.477182388305664
197600,35.70651626586914,3.2713608741760254
197800,35.05473327636719,3.5231471061706543
198000,34.49830627441406,3.4340386390686035
198200,36.273338317871094,3.5406434535980225
198400,36.70039749145508,3.4047293663024902
198600,35.799312591552734,3.4238924980163574
198800,36.96799087524414,3.1796722412109375
199000,36.746246337890625,3.442249298095703
199200,39.25467300415039,3.0474812984466553
199400,35.87520217895508,3.327244281768799
199600,37.05027389526367,3.2742300033569336
199800,37.43700408935547,3.2039618492126465
200000,36.35993194580078,3.4192519187927246
200200,35.344085693359375,3.42643666267395
200400,36.58116912841797,3.1358563899993896
200600,36.084468841552734,3.3756933212280273
200800,34.889076232910156,3.526197910308838
201000,37.957332611083984,3.3821020126342773
201200,38.920379638671875,3.2911086082458496
201400,36.699920654296875,3.280440330505371
201600,37.734596252441406,3.2833619117736816
201800,39.21564483642578,3.336777925491333
202000,35.86464309692383,3.546802043914795
202200,32.86084747314453,3.3499462604522705
202400,35.576904296875,3.340526819229126
202600,38.68941879272461,3.2836010456085205
202800,36.190330505371094,3.5801169872283936
203000,36.09375762939453,3.4341940879821777
203200,38.87831497192383,3.446315288543701
203400,35.99989700317383,3.58166766166687
203600,34.25115203857422,3.7723302841186523
203800,36.982967376708984,3.3113741874694824
204000,34.32306671142578,3.4920434951782227
204200,36.29610824584961,3.4051787853240967
204400,36.51362609863281,3.3560752868652344
204600,38.30607986450195,3.1094765663146973
204800,34.53888702392578,3.5718178749084473
205000,38.391597747802734,3.4806928634643555
205200,36.3028678894043,3.4087018966674805
205400,35.47239303588867,3.4487390518188477
205600,36.19489669799805,3.515805244445801
205800,36.61250305175781,3.3820033073425293
206000,36.6690559387207,3.1103615760803223
206200,34.89979934692383,3.4013893604278564
206400,35.86479949951172,3.328136444091797
206600,37.92878723144531,3.1846532821655273
206800,34.4996337890625,3.6163675785064697
207000,37.2718391418457,3.705312967300415
207200,34.868526458740234,3.385998010635376
207400,35.4533576965332,3.607332229614258
207600,36.812828063964844,3.285905361175537
207800,36.60008239746094,3.397050619125366
208000,37.710174560546875,3.313150405883789
208200,35.292728424072266,3.547546863555908
208400,35.20288848876953,3.5080840587615967
208600,33.36616134643555,3.7386226654052734
208800,38.878822326660156,3.312690258026123
209000,34.39241409301758,3.7215301990509033
209200,36.231422424316406,3.4691150188446045
209400,35.38490676879883,3.5851869583129883
209600,39.21555709838867,3.2800755500793457
209800,38.3177375793457,3.4132080078125
210000,34.7274284362793,3.5648608207702637
210200,37.090667724609375,3.3588500022888184
210400,35.245174407958984,3.605872631072998
209600,36.14815139770508,3.2854013442993164
209800,36.20500946044922,3.4229896068573
210000,37.00912094116211,3.2237308025360107
210200,33.6744270324707,3.6458609104156494
210400,38.16587829589844,3.274034023284912
210600,35.19926834106445,3.5432138442993164
210800,37.793609619140625,3.6000614166259766
211000,36.495826721191406,3.5683209896087646
211200,37.11067199707031,3.398362636566162
211400,36.09431457519531,3.4705004692077637
211600,37.18257141113281,3.456958532333374
211800,35.53356170654297,3.8082492351531982
212000,34.04501724243164,3.585822582244873
212200,37.88154983520508,3.3015973567962646
212400,35.40338897705078,3.493173599243164
212600,34.41292953491211,3.446388006210327
212800,33.82283401489258,3.5908913612365723
213000,36.11103820800781,3.3250949382781982
213200,36.49894332885742,3.143869400024414
213400,38.85588836669922,3.5099198818206787
213600,36.54320526123047,3.462740182876587
213800,35.1131477355957,3.517634391784668
214000,36.732322692871094,3.29783034324646
214200,36.446693420410156,3.3138060569763184
214400,37.722801208496094,3.481753349304199
214600,36.520755767822266,3.3066248893737793
214800,35.83212661743164,3.6452455520629883
215000,34.85306167602539,3.5735089778900146
215200,36.980289459228516,3.194929361343384
215400,34.69731521606445,3.591097116470337
215600,36.319984436035156,3.359297513961792
215800,38.991703033447266,3.4581868648529053
216000,36.35889434814453,3.481297016143799
216200,35.62841033935547,3.7532200813293457
216400,35.18663787841797,3.582017421722412
216600,37.5660285949707,3.3434224128723145
216800,40.248043060302734,3.0055623054504395
217000,36.637386322021484,3.5841269493103027
217200,34.424293518066406,3.589714288711548
217400,33.844486236572266,3.533888578414917
217600,35.28907012939453,3.5014750957489014
217800,36.98178482055664,3.3375000953674316
218000,36.25556945800781,3.4507434368133545
218200,41.3916015625,3.3666975498199463
218400,37.428462982177734,3.2557621002197266
218600,37.88032531738281,3.2423362731933594
218800,36.85817337036133,3.4741272926330566
219000,37.52766036987305,3.3581182956695557
219200,34.29008865356445,3.5719923973083496
219400,34.79241943359375,3.5227787494659424
219600,35.720157623291016,3.593411922454834
219800,34.420753479003906,3.552433729171753
220000,35.00511169433594,3.3759913444519043
220200,33.440589904785156,3.4523208141326904
220400,35.638694763183594,3.374207019805908
220600,35.37126159667969,3.5579025745391846
220800,39.3497314453125,3.2579212188720703
221000,39.43580627441406,3.1927261352539062
221200,40.098690032958984,3.0918192863464355
221400,35.11880874633789,3.495879650115967
221600,33.64488220214844,3.5118536949157715
221800,35.514801025390625,3.3806586265563965
222000,36.46332931518555,3.5394411087036133
222200,32.91505432128906,3.565153121948242
222400,38.90726089477539,3.176013708114624
222600,37.003501892089844,3.3441829681396484
222800,32.59626770019531,3.699434280395508
223000,37.021507263183594,3.3304407596588135
223200,34.389366149902344,3.4652814865112305
223400,33.87997817993164,3.527104139328003
223600,36.37313461303711,3.550785541534424
223800,36.20688247680664,3.201205253601074
224000,37.43391036987305,3.2921056747436523
224200,36.85829544067383,3.257056713104248
224400,35.926048278808594,3.5088844299316406
224600,37.240840911865234,3.4486849308013916
224800,35.45885467529297,3.3266568183898926
225000,36.93845748901367,3.452380418777466
225200,40.65058898925781,3.0406289100646973
225400,36.72348403930664,3.6662487983703613
225600,34.248390197753906,3.6632869243621826
225800,35.67475509643555,3.4157211780548096
226000,40.37470626831055,3.3413968086242676
226200,32.79335021972656,3.663454294204712
226400,36.42275619506836,3.2069482803344727
226600,37.17179489135742,3.494845390319824
226800,34.76528549194336,3.4614455699920654
227000,38.89067840576172,3.0844545364379883
227200,35.392059326171875,3.1666014194488525
227400,35.91180419921875,3.422903537750244
227600,37.20595932006836,3.3740034103393555
227800,37.112247467041016,3.3607170581817627
228000,33.577430725097656,3.625467300415039
228200,35.78209686279297,3.3445096015930176
228400,36.520713806152344,3.57417631149292
228600,37.072174072265625,3.505807399749756
228800,38.939613342285156,3.5464725494384766
229000,38.2048225402832,3.499793291091919
229200,35.17850112915039,3.620809316635132
229400,35.66901397705078,3.5830416679382324
229600,35.54673767089844,3.585143566131592
229800,35.38264465332031,3.28836727142334
230000,35.99645233154297,3.3915090560913086
230200,36.32974624633789,3.2294223308563232
230400,41.159793853759766,3.273056983947754
230600,37.42601013183594,3.303154468536377
230800,36.930049896240234,3.301496982574463
231000,35.98917007446289,3.3510162830352783
231200,36.98175048828125,3.269148826599121
231400,36.00271224975586,3.4065120220184326
231600,35.97029495239258,3.3289871215820312
231800,36.62044906616211,3.735393524169922
232000,37.82665252685547,3.305879592895508
232200,38.98454666137695,3.172370433807373
232400,36.798038482666016,3.3716604709625244
232600,34.372684478759766,3.518989324569702
232800,36.91412353515625,3.250925302505493
233000,36.410003662109375,3.4060475826263428
233200,35.30093765258789,3.5123484134674072
233400,36.435935974121094,3.4763848781585693
233600,35.33502197265625,3.580211877822876
233800,39.456546783447266,3.3516178131103516
234000,35.632381439208984,3.667998790740967
234200,37.28947830200195,3.109327554702759
234400,38.78761672973633,3.3140225410461426
234600,35.84286117553711,3.431741952896118
234800,35.441646575927734,3.6629228591918945
235000,39.1019287109375,3.313655376434326
235200,35.911155700683594,3.4751079082489014
235400,36.534576416015625,3.588207244873047
235600,37.17859649658203,3.5365357398986816
235800,36.765769958496094,3.221302032470703
236000,39.91773986816406,3.1467065811157227
236200,37.822486877441406,3.375638961791992
236400,38.19679641723633,3.2985031604766846
236600,36.54811096191406,3.1852025985717773
236800,38.64412307739258,3.439926862716675
237000,35.593116760253906,3.68835711479187
237200,37.14987564086914,3.451943874359131
237400,34.91029739379883,3.38916015625
237600,38.66803741455078,3.3209149837493896
237800,34.60697937011719,3.3039448261260986
238000,38.51258087158203,3.1496336460113525
238200,37.94109344482422,3.3016164302825928
238400,36.93563461303711,3.4112489223480225
238600,36.0670166015625,3.4245445728302
238800,37.56999588012695,3.3324382305145264
239000,36.46464157104492,3.721529006958008
239200,34.46982955932617,3.6112303733825684
239400,36.250877380371094,3.3558380603790283
239600,36.837158203125,3.4147491455078125
239800,34.35429382324219,3.6085293292999268
240000,36.853370666503906,3.5269453525543213
240200,35.665672302246094,3.688314199447632
240400,34.07149887084961,3.606508255004883
240600,37.91526794433594,3.1541059017181396
240800,39.413787841796875,3.278380870819092
241000,34.46467208862305,3.7060108184814453
241200,34.67241668701172,3.4469683170318604
241400,38.39955520629883,3.2873377799987793
241600,36.190956115722656,3.3986520767211914
241800,35.813385009765625,3.1058149337768555
242000,38.439971923828125,3.227956771850586
242200,35.4648551940918,3.4430441856384277
242400,35.47819900512695,3.6140472888946533
242600,37.24995040893555,3.4741313457489014
242800,33.05109405517578,3.599738597869873
243000,35.817745208740234,3.5011255741119385
243200,40.22019577026367,2.9913623332977295
243400,37.09572982788086,3.2848455905914307
243600,34.71554946899414,3.3279714584350586
243800,38.2108268737793,3.4630842208862305
244000,38.27939224243164,3.390590190887451
244200,35.23318862915039,3.474418878555298
244400,35.484188079833984,3.3565802574157715
244600,36.6986198425293,3.411024570465088
244800,36.76594924926758,3.343275785446167
245000,37.063961029052734,3.337205410003662
245200,37.42761993408203,3.453774929046631
245400,38.71834182739258,3.012424945831299
245600,35.697513580322266,3.601735830307007
245800,36.81624984741211,3.2190616130828857
246000,35.05925369262695,3.2396092414855957
246200,36.795562744140625,3.365583896636963
246400,37.190284729003906,3.1170291900634766
246600,37.014156341552734,3.391350746154785
246800,38.18026351928711,3.3338606357574463
247000,37.431732177734375,3.0870940685272217
247200,34.5432014465332,3.354630947113037
247400,35.25650405883789,3.294149398803711
247600,36.21577835083008,3.5685269832611084
247800,37.70558547973633,3.3988871574401855
248000,35.474063873291016,3.401902198791504
248200,35.39651870727539,3.455221176147461
248400,38.71613311767578,3.5014963150024414
248600,38.23208999633789,3.060553789138794
248800,35.95734786987305,3.5781052112579346
249000,35.9079475402832,3.4099748134613037
249200,39.17833709716797,3.265242338180542
249400,37.61726760864258,3.5160412788391113
249600,32.672515869140625,3.7384212017059326
249800,34.7772331237793,3.69650936126709
250000,35.86817932128906,3.3949837684631348
250200,34.153465270996094,3.7392122745513916
250400,36.04611587524414,3.5023703575134277
250600,36.04683303833008,3.3487956523895264
250800,38.84980010986328,3.3788890838623047
251000,37.672000885009766,3.6499314308166504
251200,34.47285461425781,3.698378562927246
251400,36.61810302734375,3.3925695419311523
251600,36.14017105102539,3.1789615154266357
251800,35.49834442138672,3.497237205505371
252000,37.80960464477539,3.1270787715911865
252200,35.922828674316406,3.4445366859436035
252400,38.09841537475586,3.2677245140075684
252600,38.45439529418945,3.2183594703674316
252800,38.288330078125,3.283348560333252
253000,37.38951110839844,3.2444608211517334
253200,38.04677963256836,3.5745062828063965
253400,35.27728271484375,3.4556922912597656
253600,37.649169921875,3.2931134700775146
253800,37.20762252807617,3.169201135635376
254000,36.84086990356445,3.4755825996398926
254200,37.288944244384766,3.1460747718811035
254400,35.766239166259766,3.353598117828369
254600,37.19654846191406,3.050854206085205
254800,33.4723014831543,3.816793918609619
255000,36.20107650756836,3.3579039573669434
255200,37.230926513671875,3.36222505569458
255400,37.6488151550293,3.2555043697357178
255600,34.90309524536133,3.3173155784606934
255800,37.98434066772461,3.262437105178833
256000,35.41057205200195,3.5598578453063965
256200,37.87971115112305,3.428065538406372
256400,36.190635681152344,3.520641803741455
256600,37.83553695678711,3.0727527141571045
256800,37.869014739990234,3.2905964851379395
257000,38.01719665527344,3.2146224975585938
257200,36.92001724243164,3.4104983806610107
257400,34.62665939331055,3.3381059169769287
257600,38.087398529052734,3.3596279621124268
257800,36.32621383666992,3.4855525493621826
258000,35.790836334228516,3.6958131790161133
258200,38.0582275390625,3.2881712913513184
258400,37.460723876953125,3.4157814979553223
258600,37.80018997192383,3.2513391971588135
258800,37.80262756347656,3.3641486167907715
259000,35.20538330078125,3.407733917236328
259200,37.1926155090332,3.448610305786133
259400,34.68339538574219,3.4966683387756348
259600,36.427181243896484,3.6877286434173584
259800,38.410240173339844,3.166661024093628
260000,39.025169372558594,3.2945165634155273
260200,35.33427810668945,3.4395339488983154
260400,36.94343185424805,3.2201437950134277
260600,36.91057586669922,3.371699094772339
260800,36.71756362915039,3.6281235218048096
261000,34.377803802490234,3.638169765472412
261200,36.784393310546875,3.3291900157928467
261400,38.442298889160156,3.020024299621582
261600,37.40934371948242,3.4799389839172363
261800,37.15828323364258,3.3435611724853516
262000,35.54825210571289,3.490283727645874
262200,39.336326599121094,3.2602741718292236
262400,37.45838165283203,3.3632302284240723
262600,35.15194320678711,3.5929877758026123
262800,35.43088912963867,3.4334843158721924
263000,33.599029541015625,3.5702929496765137
263200,34.393531799316406,3.6426985263824463
263400,34.64165496826172,3.312136650085449
263600,36.301578521728516,3.607372283935547
263800,35.838165283203125,3.4970266819000244
264000,37.65260696411133,3.282242774963379
264200,35.93058776855469,3.438338041305542
264400,37.7856330871582,3.4878623485565186
264600,36.9786376953125,3.2752199172973633
264800,36.04669189453125,3.4650986194610596
265000,41.46101760864258,3.352426052093506
265200,36.89550018310547,3.0534768104553223
265400,35.82181930541992,3.4532828330993652
265600,34.992828369140625,3.49458646774292
265800,37.221038818359375,3.417677164077759
266000,35.15187072753906,3.5503475666046143
266200,36.68439483642578,3.5665600299835205
266400,34.95045852661133,3.2430734634399414
266600,35.102752685546875,3.4708213806152344
266800,35.8648796081543,3.4695794582366943
267000,35.491455078125,3.496799945831299
267200,37.287837982177734,3.3152942657470703
267400,36.508026123046875,3.371596097946167
267600,34.93049240112305,3.4872872829437256
267800,36.04685592651367,3.59289288520813
268000,36.07377624511719,3.562980890274048
268200,38.31385803222656,3.382695198059082
268400,36.609214782714844,3.4536945819854736
268600,35.26578140258789,3.550295352935791
268800,38.98688507080078,3.290586471557617
269000,37.13267135620117,3.1693592071533203
269200,37.38522720336914,3.2743101119995117
269400,37.16508865356445,3.233553647994995
269600,34.54213333129883,3.431704044342041
269800,36.71965789794922,3.419752836227417
270000,37.81580352783203,3.3444488048553467
270200,37.659889221191406,3.3420920372009277
270400,37.382301330566406,3.595644474029541
270600,36.15303421020508,3.4581520557403564
270800,36.81096649169922,3.1815924644470215
271000,36.55931091308594,3.346700668334961
271200,37.0843391418457,3.470750331878662
271400,37.44882583618164,3.22973895072937
271600,34.703521728515625,3.4482412338256836
271800,38.078094482421875,3.3567440509796143
272000,37.30262756347656,3.556654691696167
272200,40.242156982421875,3.085496187210083
272400,34.5616340637207,3.604166269302368
272600,36.161705017089844,3.3045387268066406
272800,37.3327522277832,3.518777847290039
273000,34.220916748046875,3.803175210952759
273200,33.50356674194336,3.4081788063049316
273400,36.61228561401367,3.502993106842041
273600,38.74464797973633,3.192911148071289
273800,35.84477996826172,3.515028476715088
274000,36.56583786010742,3.4733026027679443
274200,37.0463752746582,3.2605533599853516
274400,37.20694351196289,3.425971508026123
274600,37.82223892211914,3.3632261753082275
274800,34.409446716308594,3.467134475708008
275000,34.437782287597656,3.5669710636138916
275200,36.0903434753418,3.5107061862945557
275400,36.505104064941406,3.3354482650756836
275600,37.43443298339844,3.4174575805664062
275800,37.27834701538086,3.1587538719177246
276000,36.718746185302734,3.2734484672546387
276200,35.517967224121094,3.2397220134735107
276400,38.31356430053711,3.451627731323242
276600,37.04920959472656,3.363171339035034
276800,36.68859100341797,3.636162519454956
277000,35.28675842285156,3.5409419536590576
277200,37.90003967285156,3.359748601913452
277400,34.38273620605469,3.1933302879333496
277600,37.8294792175293,3.5540575981140137
277800,38.20451736450195,3.11445689201355
278000,38.49661636352539,3.194737434387207
278200,33.808231353759766,3.3907952308654785
278400,36.2191276550293,3.4737026691436768
278600,38.37550354003906,3.229595184326172
278800,38.72492980957031,3.4102578163146973
279000,36.369850158691406,3.4148459434509277
279200,34.78763198852539,3.1983821392059326
279400,37.04362487792969,3.4012084007263184
279600,35.96137237548828,3.4558887481689453
279800,36.420433044433594,3.4470250606536865
280000,33.386138916015625,3.62831711769104
280200,36.70814895629883,3.272282600402832
280400,35.93924331665039,3.394557237625122
280600,35.3524055480957,3.481678009033203
280800,35.18972396850586,3.375518321990967
281000,36.30291748046875,3.452857255935669
281200,36.19024658203125,3.3949429988861084
281400,34.22555923461914,3.6412062644958496
281600,37.58737564086914,3.2731752395629883
281800,37.272586822509766,3.3903696537017822
282000,39.214908599853516,3.3981995582580566
282200,38.17729949951172,3.4212324619293213
282400,35.02914810180664,3.5056650638580322
282600,35.97663116455078,3.4041566848754883
282800,36.221641540527344,3.512840509414673
283000,35.835594177246094,3.8438405990600586
283200,34.87282943725586,3.410123348236084
283400,36.923301696777344,3.3174657821655273
283600,35.762229919433594,3.3196780681610107
283800,38.71255874633789,3.259510040283203
284000,35.132476806640625,3.591855525970459
284200,36.39613342285156,3.2160205841064453
284400,33.50383758544922,3.7644782066345215
284600,37.08564758300781,3.253255605697632
284800,34.75236511230469,3.3235864639282227
285000,37.31401824951172,3.2424683570861816
285200,33.54179000854492,3.3554723262786865
285400,35.69068908691406,3.4785988330841064
285600,37.01422882080078,3.405808925628662
285800,40.12254333496094,3.054872989654541
286000,34.74199295043945,3.625436544418335
286200,35.33826446533203,3.312251091003418
286400,38.01719284057617,3.352355480194092
286600,34.60203552246094,3.5432677268981934
286800,33.464866638183594,3.7298715114593506
287000,36.98936080932617,3.6254241466522217
287200,40.25225067138672,3.1650373935699463
287400,36.30604934692383,3.607043981552124
287600,39.34910583496094,3.274325132369995
287800,36.78715515136719,3.388763904571533
288000,34.263572692871094,3.604552984237671
288200,35.68772506713867,3.2702784538269043
288400,35.129817962646484,3.4256863594055176
288600,34.908817291259766,3.5790843963623047
288800,34.37997055053711,3.470409870147705
289000,34.6130485534668,3.482886791229248
289200,36.48831558227539,3.5153162479400635
289400,34.71308135986328,3.494359016418457
289600,35.71432113647461,3.2727773189544678
289800,33.7863655090332,3.5906972885131836
290000,37.867279052734375,3.3545026779174805
290200,37.03095626831055,3.493847370147705
290400,33.10049057006836,3.4276223182678223
290600,37.9294319152832,3.3911638259887695
290800,35.16622543334961,3.450347661972046
291000,36.326961517333984,3.5195987224578857
291200,37.37156295776367,3.171032428741455
291400,35.070526123046875,3.2686328887939453
291600,36.43419647216797,3.62768816947937
291800,35.850669860839844,3.3291985988616943
292000,36.503814697265625,3.233686685562134
292200,38.5313720703125,3.209968090057373
292400,33.18256759643555,3.7596609592437744
292600,34.69142150878906,3.571122169494629
292800,36.22047424316406,3.568039894104004
293000,37.95709228515625,3.3695068359375
293200,38.53223419189453,3.2734951972961426
293400,35.134796142578125,3.675769090652466
293600,36.87350082397461,3.2800092697143555
293800,38.67546844482422,3.2480406761169434
294000,36.16595458984375,3.4415128231048584
294200,36.539974212646484,3.4530446529388428
294400,38.69118118286133,3.3222556114196777
294600,36.92097854614258,3.536815643310547
294800,37.348270416259766,3.318708896636963
295000,33.18790054321289,3.4419121742248535
295200,35.646034240722656,3.3791775703430176
295400,37.269351959228516,3.4945127964019775
295600,40.842864990234375,3.448446750640869
295800,34.064422607421875,3.5519230365753174
296000,39.343284606933594,3.2494053840637207
296200,35.70960998535156,3.351794719696045
296400,36.28076934814453,3.200530529022217
296600,36.2389030456543,3.162562608718872
296800,36.75328063964844,3.312558174133301
297000,36.646453857421875,3.4166455268859863
297200,35.77265167236328,3.2593560218811035
297400,36.17728042602539,3.3566267490386963
297600,35.434234619140625,3.368664264678955
297800,34.85520553588867,3.5853726863861084
298000,37.19307327270508,3.5237271785736084
298200,35.37730407714844,3.517930269241333
298400,39.19082260131836,3.155241012573242
298600,34.78214645385742,3.6688473224639893
298800,33.267765045166016,3.7840676307678223
299000,37.8343505859375,3.633594512939453
299200,38.76729965209961,3.0440664291381836
299400,35.2695198059082,3.3704581260681152
299600,35.16351318359375,3.5241599082946777
299800,36.79386520385742,3.4591622352600098
300000,37.127262115478516,3.1115949153900146
300200,35.16318130493164,3.431140184402466
300400,35.501956939697266,3.3225667476654053
300600,38.680320739746094,3.2089552879333496
300800,37.21181869506836,3.249934434890747
301000,37.60823440551758,3.1445822715759277
301200,37.00993728637695,3.62395977973938
301400,38.34593963623047,3.1939666271209717
301600,35.032257080078125,3.5105326175689697
301800,38.528560638427734,3.3609113693237305
302000,36.60895919799805,3.5435218811035156
302200,34.37747573852539,3.747133731842041
302400,35.623085021972656,3.505497932434082
302600,35.24250793457031,3.3969764709472656
302800,39.877586364746094,3.4273884296417236
303000,39.73717498779297,3.3371634483337402
303200,34.64912414550781,3.593207836151123
303400,37.305320739746094,3.5179853439331055
303600,40.17855453491211,3.1006722450256348
303800,38.31792068481445,3.2501068115234375
304000,36.555450439453125,3.3443868160247803
304200,36.457557678222656,3.3799901008605957
304400,38.543521881103516,3.3706984519958496
304600,35.3959846496582,3.5021400451660156
304800,37.737335205078125,3.449723958969116
305000,35.667076110839844,3.3140954971313477
305200,35.03005599975586,3.4287047386169434
305400,36.40520477294922,3.295797824859619
305600,36.439815521240234,3.4186043739318848
305800,37.29738235473633,3.2746217250823975
306000,36.81809616088867,3.3053417205810547
306200,36.93189239501953,3.4688806533813477
306400,36.56674575805664,3.3188843727111816
306600,34.67668533325195,3.671574831008911
306800,38.02769088745117,3.4226365089416504
307000,36.49987030029297,3.4096992015838623
307200,34.81867599487305,3.530472993850708
307400,33.804931640625,3.4879918098449707
307600,35.7356071472168,3.2796337604522705
307800,34.79350662231445,3.167771100997925
308000,38.078086853027344,3.2648613452911377
308200,39.973533630371094,3.238369941711426
308400,34.0092887878418,3.2900495529174805
308600,37.57784652709961,3.189865827560425
308800,41.76910400390625,3.310655355453491
309000,35.21111297607422,3.4392168521881104
309200,36.31763458251953,3.371992588043213
309400,34.05120849609375,3.552407741546631
309600,35.92322540283203,3.3142194747924805
309800,38.122379302978516,3.2833356857299805
310000,33.13625717163086,3.512997627258301
310200,36.223304748535156,3.487467050552368
310400,37.11494827270508,3.35465407371521
310600,34.119876861572266,3.6471269130706787
310800,36.47134017944336,3.4721016883850098
311000,37.91960906982422,3.1901230812072754
311200,34.95161437988281,3.7066493034362793
311400,34.333709716796875,3.5168166160583496
311600,35.237117767333984,3.618572473526001
311800,36.534183502197266,3.2576961517333984
312000,37.660030364990234,3.4263930320739746
312200,34.00239181518555,3.5659003257751465
312400,35.82207489013672,3.569915294647217
312600,36.83876419067383,3.322540283203125
312800,37.818214416503906,3.365901470184326
313000,36.16977310180664,3.4163174629211426
313200,35.01016616821289,3.5302045345306396
313400,39.21366882324219,3.213400363922119
313600,36.71671676635742,3.3197402954101562
313800,36.98076248168945,3.4724998474121094
314000,36.709922790527344,3.669253349304199
314200,33.435997009277344,3.7396857738494873
314400,35.79252624511719,3.491391658782959
314600,32.30876922607422,3.5739188194274902
314800,32.092185974121094,3.4020493030548096
315000,35.57726287841797,3.77116060256958
315200,36.54998016357422,3.3426942825317383
315400,35.827293395996094,3.4390950202941895
315600,38.89729309082031,3.3593344688415527
315800,36.78759002685547,3.469581127166748
